Jitter, DeltaTCP
0.600363,0.0245482
