Jitter,AvgRTT
3.23918e-06,0.000833281
