Jitter, DeltaTCP
0.981789,0.538387
