Jitter, DeltaTCP
0.406511,0.0414803
