Jitter, DeltaTCP
0.397531,0.0286448
