Jitter, DeltaTCP
1.78926,0.0434562
