Jitter, DeltaTCP
1.82333,0.0403225
